
[
  {
    "name": "AL",
    "selected": false
  },
  {
    "name": "AK",
    "selected": false
  },
  {
    "name": "AS",
    "selected": false
  },
  {
    "name": "AZ",
    "selected": false
  },
  {
    "name": "AR",
    "selected": false
  },
  {
    "name": "CA",
    "selected": false
  },
  {
    "name": "CO",
    "selected": false
  },
  {
    "name": "CT",
    "selected": false
  },
  {
    "name": "DE",
    "selected": false
  },
  {
    "name": "DC",
    "selected": false
  },
  {
    "name": "FM",
    "selected": false
  },
  {
    "name": "FL",
    "selected": false
  },
  {
    "name": "GA",
    "selected": false
  },
  {
    "name": "GU",
    "selected": false
  },
  {
    "name": "HI",
    "selected": false
  },
  {
    "name": "ID",
    "selected": false
  },
  {
    "name": "IL",
    "selected": false
  },
  {
    "name": "IN",
    "selected": false
  },
  {
    "name": "IA",
    "selected": false
  },
  {
    "name": "KS",
    "selected": false
  },
  {
    "name": "KY",
    "selected": false
  },
  {
    "name": "LA",
    "selected": false
  },
  {
    "name": "ME",
    "selected": false
  },
  {
    "name": "MH",
    "selected": false
  },
  {
    "name": "MD",
    "selected": false
  },
  {
    "name": "MA",
    "selected": false
  },
  {
    "name": "MI",
    "selected": false
  },
  {
    "name": "MN",
    "selected": false
  },
  {
    "name": "MS",
    "selected": false
  },
  {
    "name": "MO",
    "selected": false
  },
  {
    "name": "MT",
    "selected": false
  },
  {
    "name": "NE",
    "selected": false
  },
  {
    "name": "NV",
    "selected": false
  },
  {
    "name": "NH",
    "selected": false
  },
  {
    "name": "NJ",
    "selected": false
  },
  {
    "name": "NM",
    "selected": false
  },
  {
    "name": "NY",
    "selected": false
  },
  {
    "name": "NC",
    "selected": false
  },
  {
    "name": "ND",
    "selected": false
  },
  {
    "name": "MP",
    "selected": false
  },
  {
    "name": "OH",
    "selected": false
  },
  {
    "name": "OK",
    "selected": false
  },
  {
    "name": "OR",
    "selected": false
  },
  {
    "name": "PW",
    "selected": false
  },
  {
    "name": "PA",
    "selected": false
  },
  {
    "name": "PR",
    "selected": false
  },
  {
    "name": "RI",
    "selected": false
  },
  {
    "name": "SC",
    "selected": false
  },
  {
    "name": "SD",
    "selected": false
  },
  {
    "name": "TN",
    "selected": false
  },
  {
    "name": "TX",
    "selected": false
  },
  {
    "name": "UT",
    "selected": false
  },
  {
    "name": "VT",
    "selected": false
  },
  {
    "name": "VI",
    "selected": false
  },
  {
    "name": "VA",
    "selected": false
  },
  {
    "name": "WA",
    "selected": false
  },
  {
    "name": "WV",
    "selected": false
  },
  {
    "name": "WI",
    "selected": false
  },
  {
    "name": "WY",
    "selected": false
  }
]
